device,campaign,block,chunk,workload,run,warmup,included,issues,injected_ttft_ms,active_max_gap_ms,interference_max_gap_ms,output_tokens_per_second,max_dispatch_lateness_ms,request_count,run_manifest_sha256
orin64-ref-01,pilot-block0-v2,0,1024,mixed,cell-000-b0-c1024/warmup-02-mixed-v1,True,False,,147.011566,127.230685,127.230685,396.17794777977105,1.283086,5,5966f57e6ddda65bd00ba683e651e7d9fe1fb78126a1391f5b013e768bdb99f4
orin64-ref-01,pilot-block0-v2,0,1024,decode-only,cell-000-b0-c1024/warmup-02-decode-only-v1,True,False,,,21.992007,,503.79856045937555,0.583015,4,2c9a72026d0a14fa4f89719ef5cd9ad7589acb34d813d1df138a5fe2e03f0e04
orin64-ref-01,pilot-block0-v2,0,1024,prefill-only,cell-000-b0-c1024/warmup-02-prefill-only-v1,True,False,,141.643249,,,119.09598074418966,0.225402,1,697950d9c856803d328f3062f728874409eb1781afca0d84d5a61c79d4514876
orin64-ref-01,pilot-block0-v2,0,1024,mixed,cell-000-b0-c1024/warmup-01-mixed-v1,True,False,,145.157944,125.874808,125.874808,396.54281040678177,1.545096,5,d940a137b7d8a3ae0dfb8ab8ae2d309633228b5a2a05b646d1f75a83afdc7f80
orin64-ref-01,pilot-block0-v2,0,1024,prefill-only,cell-000-b0-c1024/warmup-01-prefill-only-v1,True,False,,142.233753,,,119.08101766254401,0.221884,1,49d3da7a67a4ba73837947df9a9db2fb54176d519c602a82fe985235db5689ab
orin64-ref-01,pilot-block0-v2,0,1024,decode-only,cell-000-b0-c1024/warmup-01-decode-only-v1,True,False,,,22.039437,,504.1537662054813,0.61002,4,7b068f2b6e5871898b60dd7fc8bcab0dcadda7414a6db23130b2d49c2c621771
orin64-ref-01,pilot-block0-v2,0,1024,decode-only,cell-000-b0-c1024/repeat-00-decode-only-v1,False,True,,,22.347079,,503.6437543580677,0.506994,4,d2f8c4d2d091f34959060172b70be20f8391833fbfad96c222768e5461c2392d
orin64-ref-01,pilot-block0-v2,0,1024,prefill-only,cell-000-b0-c1024/repeat-00-prefill-only-v1,False,True,,141.530567,,,119.1374909546489,0.220648,1,bccee6412da7b70034f8a767759d43dba9c3ad075c04a40560b679b891033995
orin64-ref-01,pilot-block0-v2,0,1024,mixed,cell-000-b0-c1024/repeat-00-mixed-v1,False,True,,147.266914,126.509656,126.509656,396.4615499410064,0.727938,5,cc3dacf614aecffe1685e79acf827f07d4b3f2b126700e7c770813fd4ca9b07d
orin64-ref-01,pilot-block0-v2,0,1024,decode-only,cell-000-b0-c1024/repeat-01-decode-only-v1,False,True,,,21.954805,,503.9884628142316,0.515874,4,69730dd3ec68ecc0556e33a9ad9e551f872798fc7c463b3b7ce097ae7f7eb7bb
orin64-ref-01,pilot-block0-v2,0,1024,prefill-only,cell-000-b0-c1024/repeat-01-prefill-only-v1,False,True,,141.568197,,,119.12106939592493,0.231987,1,313fd9bc90d396d9eb3025c3d0dabc6820fa14c3a87fd3c57643bc8ff768905b
orin64-ref-01,pilot-block0-v2,0,1024,mixed,cell-000-b0-c1024/repeat-01-mixed-v1,False,True,,144.619417,125.302445,125.302445,396.9262175120829,0.886615,5,0f5668eb8ab766986c4d469915b9b3ebdfef94b9afddfae120e893b4a3f17209
orin64-ref-01,pilot-block0-v2,0,4096,mixed,cell-001-b0-c4096/warmup-02-mixed-v1,True,False,,134.603988,114.489156,114.489156,399.96938734301625,0.935887,5,d29dcc92860ae502b39d73a03c9721507aa63dcc668c67dd9339d699085a25f4
orin64-ref-01,pilot-block0-v2,0,4096,decode-only,cell-001-b0-c4096/warmup-02-decode-only-v1,True,False,,,21.967698,,505.52426250664854,0.544945,4,916c80c7cf0030065d29334badb190eff1994555ea89639f1294eac32e40e503
orin64-ref-01,pilot-block0-v2,0,4096,prefill-only,cell-001-b0-c4096/warmup-02-prefill-only-v1,True,False,,131.769588,,,120.15915436718423,0.221664,1,010635120e0562d1ae187f0eba9349a250bb8e480af96a436f5961c4e7086892
orin64-ref-01,pilot-block0-v2,0,4096,mixed,cell-001-b0-c4096/warmup-01-mixed-v1,True,False,,135.037318,114.344925,114.344925,399.9057924428864,0.914635,5,4b6e8a30e0e1619b0942bb8632a97e0e5b75801a3991baa1b640691d1a9d6e64
orin64-ref-01,pilot-block0-v2,0,4096,prefill-only,cell-001-b0-c4096/warmup-01-prefill-only-v1,True,False,,132.701682,,,120.04248971447345,0.230777,1,f349db7e5db710a84756b442cee26772e9d3e30a762f5a86fefbed05c8ff9303
orin64-ref-01,pilot-block0-v2,0,4096,decode-only,cell-001-b0-c4096/warmup-01-decode-only-v1,True,False,,,22.193779,,505.0840398087826,0.619871,4,ba2c36a68c8af200926957abe71f5faafa8c88f02c248ac26935f492b0198dc8
orin64-ref-01,pilot-block0-v2,0,4096,decode-only,cell-001-b0-c4096/repeat-00-decode-only-v1,False,True,,,21.86985,,504.8484202675674,0.522249,4,ca030dd8ad64c6becd385b902a1109e878a443da40a8d6f93dfe671d43f8f40b
orin64-ref-01,pilot-block0-v2,0,4096,prefill-only,cell-001-b0-c4096/repeat-00-prefill-only-v1,False,True,,132.92199,,,120.04827399951611,0.237273,1,c3b63ac478cf9415f91a5614c81b432f4351cd126812fef099d86a09440f580c
orin64-ref-01,pilot-block0-v2,0,4096,mixed,cell-001-b0-c4096/repeat-00-mixed-v1,False,True,,135.465828,115.475274,115.475274,399.9208004345334,0.715192,5,3ed3ca682aa4c8b23431da59ea1852cc8b786b6601411bec9d1211cc920271f7
orin64-ref-01,pilot-block0-v2,0,4096,decode-only,cell-001-b0-c4096/repeat-01-decode-only-v1,False,True,,,22.17276,,505.23119587240245,0.539534,4,9c996d03fb5c44435a11ba930a46eb792b23768d28eb6b0d1d3e0a2d81cdba78
orin64-ref-01,pilot-block0-v2,0,4096,prefill-only,cell-001-b0-c4096/repeat-01-prefill-only-v1,False,True,,131.596242,,,120.14462021943417,0.227259,1,9c1205d72eda13e3dfa70989598e7ba9776cc204df8f0a501051ce4580fc464b
orin64-ref-01,pilot-block0-v2,0,4096,mixed,cell-001-b0-c4096/repeat-01-mixed-v1,False,True,,134.619915,116.075669,116.075669,400.060763729175,0.719916,5,ffdf611d69a772a8bf21da56322266c2ddb01f5dc602bbac91661e4f15e3e10b
orin64-ref-01,pilot-block0-v2,0,256,mixed,cell-002-b0-c256/warmup-02-mixed-v1,True,False,,305.477531,280.866871,280.866871,361.1719010134591,0.536488,5,d1f9491be051d5e85d74d2f99e24b05ba935a39cda59ea22756ec17849ef62de
orin64-ref-01,pilot-block0-v2,0,256,decode-only,cell-002-b0-c256/warmup-02-decode-only-v1,True,False,,,47.182054,,492.7630186035787,0.523987,4,1064ca5f04d31d453178ba0ebef75c805084804b6ec69ae38bc72dd34b8d2b20
orin64-ref-01,pilot-block0-v2,0,256,prefill-only,cell-002-b0-c256/warmup-02-prefill-only-v1,True,False,,294.786671,,,104.32789384593767,0.221312,1,680f0769a8fe2993d07da884d5dec023dfea2c2786dbaef73affb4afedcdc25f
orin64-ref-01,pilot-block0-v2,0,256,mixed,cell-002-b0-c256/warmup-01-mixed-v1,True,False,,299.463036,276.309056,276.309056,362.3517810726069,0.721824,5,fda65b0d6c364a12e863b0d038165a8d697b63eb11cc5abd0aba00df8ee5d07f
orin64-ref-01,pilot-block0-v2,0,256,prefill-only,cell-002-b0-c256/warmup-01-prefill-only-v1,True,False,,290.433321,,,104.71390633031027,0.238388,1,a93e053a8371cb6dd824288c6c3450d4fc9e83fe742f7d07a695e85b99b2880a
orin64-ref-01,pilot-block0-v2,0,256,decode-only,cell-002-b0-c256/warmup-01-decode-only-v1,True,False,,,46.842037,,492.7542162285939,0.59199,4,96424d820b844d565c04d37a6864316e56bfc4980dff67c2cb26c6a77c2bea4f
orin64-ref-01,pilot-block0-v2,0,256,decode-only,cell-002-b0-c256/repeat-00-decode-only-v1,False,True,,,47.103026,,492.66520902811993,0.586975,4,c35317220ed05ae4cf75e33c5f022947baa5c94412bb938b2d5c37104317a250
orin64-ref-01,pilot-block0-v2,0,256,prefill-only,cell-002-b0-c256/repeat-00-prefill-only-v1,False,True,,292.46677,,,104.50909264786094,0.226926,1,48cd449363f0cb23c83909d30adcdd0eee3a4fb2a640e2c7da5398675ec47631
orin64-ref-01,pilot-block0-v2,0,256,mixed,cell-002-b0-c256/repeat-00-mixed-v1,False,True,,297.244478,276.47542,276.47542,362.7436042223786,1.204792,5,5b2e9bebd5ba66a4cb7dcffa8695d7b2ae1675a28855111e9b0817c7c54637c5
orin64-ref-01,pilot-block0-v2,0,256,decode-only,cell-002-b0-c256/repeat-01-decode-only-v1,False,True,,,46.473217,,493.3873367102087,0.593404,4,cdd70508a3b17a25c92e88b97b9e3426f6c9f19a2647361967e4d9f949b957b5
orin64-ref-01,pilot-block0-v2,0,256,prefill-only,cell-002-b0-c256/repeat-01-prefill-only-v1,False,True,,292.759382,,,104.51603345276692,0.226663,1,da4a7a79906c6926cebdd0cf976d146c7977a7e157c50a71073fbcf85962b9d7
orin64-ref-01,pilot-block0-v2,0,256,mixed,cell-002-b0-c256/repeat-01-mixed-v1,False,True,,300.009058,276.866334,276.866334,362.3204177319361,0.720541,5,d9e1aaecab6a8f770053a5f0f2f43ba8e5d1cf949989b317d1c6c00dcb3efbaf
orin64-build-01,pilot-block0-v2,0,1024,mixed,cell-000-b0-c1024/warmup-02-mixed-v1,True,False,,151.879411,128.967431,128.967431,394.3092281772069,0.7132,5,b0ea2f5561328a01b443d86b0354c5000e6084471da823e7f980ae29512f2354
orin64-build-01,pilot-block0-v2,0,1024,decode-only,cell-000-b0-c1024/warmup-02-decode-only-v1,True,False,,,23.037864,,502.6567159866139,0.596791,4,1dedc54b1a41ef55e007bb035f7e574138ce004928634d5631d7a1ed4fc36551
orin64-build-01,pilot-block0-v2,0,1024,prefill-only,cell-000-b0-c1024/warmup-02-prefill-only-v1,True,False,,145.066693,,,118.46044032613763,0.229155,1,c216ce56ffdf67080f9f44a3502ec98d15c82d5be4a8e8acb0d69d25fb11ec38
orin64-build-01,pilot-block0-v2,0,1024,mixed,cell-000-b0-c1024/warmup-01-mixed-v1,True,False,,149.914997,128.567289,128.567289,394.963666718367,0.598363,5,8903bc730d20b874c2d9c6afb68e108bcd830b2c1214c951fb812354127aebc6
orin64-build-01,pilot-block0-v2,0,1024,prefill-only,cell-000-b0-c1024/warmup-01-prefill-only-v1,True,False,,143.630867,,,118.6069980211868,0.229609,1,621f369aa5c8798b6dbf896dbd3c9a46bf2e082efcc2805d9f6d1e386901ecd7
orin64-build-01,pilot-block0-v2,0,1024,decode-only,cell-000-b0-c1024/warmup-01-decode-only-v1,True,False,,,22.832112,,502.5280601583879,0.554657,4,79fed6011de91a6e6f1e66bb1a0725323ef41f0f5c554f65e5d96df28f08c8a4
orin64-build-01,pilot-block0-v2,0,1024,decode-only,cell-000-b0-c1024/repeat-00-decode-only-v1,False,True,,,22.8244,,502.57665455699714,0.558723,4,aef758f98b5406bc8fc7119ba9d1f1f37cb4d99b1f962ac09ac840a4b3e7b0d5
orin64-build-01,pilot-block0-v2,0,1024,prefill-only,cell-000-b0-c1024/repeat-00-prefill-only-v1,False,True,,144.454944,,,118.5030478358985,0.231119,1,751acdb399085857e61764d7c6d14cb718442a675f44a3919038b29431acfc58
orin64-build-01,pilot-block0-v2,0,1024,mixed,cell-000-b0-c1024/repeat-00-mixed-v1,False,True,,149.448331,127.571262,127.571262,395.06290334140016,0.724688,5,2787943516ad6af853ed507322ed76713a74f41cf5088b44b5af8caa7a85c248
orin64-build-01,pilot-block0-v2,0,1024,decode-only,cell-000-b0-c1024/repeat-01-decode-only-v1,False,True,,,23.354113,,502.71058553055406,0.652104,4,338e1871bb03be0605aff172fda26941d38541401583f1eb68496379eb61c182
orin64-build-01,pilot-block0-v2,0,1024,prefill-only,cell-000-b0-c1024/repeat-01-prefill-only-v1,False,True,,144.837305,,,118.47210202651564,0.23375,1,cdac76694306a229cf11768472e1fcfb023f0f524e19a51dfe963b4fff96f651
orin64-build-01,pilot-block0-v2,0,1024,mixed,cell-000-b0-c1024/repeat-01-mixed-v1,False,True,,149.522734,128.241134,128.241134,395.03723316040407,0.540271,5,5e79b57650c9873974fac2cc502e6548cb0472d5041bf9e6ebfeeade66b6865b
orin64-build-01,pilot-block0-v2,0,4096,mixed,cell-001-b0-c4096/warmup-02-mixed-v1,True,False,,135.050618,112.045508,112.045508,398.6270896861217,0.717583,5,6fed926c5680d7f2a6b68d691c8351fbb2f103aa63c22c48c3ea9004a409641b
orin64-build-01,pilot-block0-v2,0,4096,decode-only,cell-001-b0-c4096/warmup-02-decode-only-v1,True,False,,,22.222669,,502.4582490144357,0.636323,4,506d6353d4c392092589637e76cd25bf7a0b5ef160f06db6f0af871b8fe2a0c5
orin64-build-01,pilot-block0-v2,0,4096,prefill-only,cell-001-b0-c4096/warmup-02-prefill-only-v1,True,False,,130.651935,,,120.12972339572772,0.228272,1,d99f4de95102c644a8cbb108eb8c88d925b94e1db6f2b763d2a35318663d4baa
orin64-build-01,pilot-block0-v2,0,4096,mixed,cell-001-b0-c4096/warmup-01-mixed-v1,True,False,,135.32943,113.455838,113.455838,398.5959293966183,0.719585,5,74eb49560140954ea0e908e28bc54222c76fd75900e4ccfb00d7d3502a7faad9
orin64-build-01,pilot-block0-v2,0,4096,prefill-only,cell-001-b0-c4096/warmup-01-prefill-only-v1,True,False,,129.733213,,,120.17897894797787,0.236915,1,78ae29d335b66164e507d6727de0719aa1f5eb43233e495bc2ac81d1859099d9
orin64-build-01,pilot-block0-v2,0,4096,decode-only,cell-001-b0-c4096/warmup-01-decode-only-v1,True,False,,,22.745631,,502.3976491149806,0.685416,4,78673aed2d5ae6ad51e4d73f82f7a0d10942de60be621a55e831bc2b5e7ad77e
orin64-build-01,pilot-block0-v2,0,4096,decode-only,cell-001-b0-c4096/repeat-00-decode-only-v1,False,True,,,22.080659,,501.76747790093526,0.562765,4,24ec74dac374801e276d99d4bbddccfa8875aab94a8fdbea117d577266a0dc7b
orin64-build-01,pilot-block0-v2,0,4096,prefill-only,cell-001-b0-c4096/repeat-00-prefill-only-v1,False,True,,129.172433,,,120.23615963609505,0.241752,1,cbb299b17266ebbdef557ce5c1206398d330af4d4f71b479a0abd083570daeba
orin64-build-01,pilot-block0-v2,0,4096,mixed,cell-001-b0-c4096/repeat-00-mixed-v1,False,True,,135.529525,113.300487,113.300487,398.63398175047524,0.718464,5,6f5861620031656ac2b01a5115e3d71dbbc57fa4be894f96f4a2e7d1e4207c72
orin64-build-01,pilot-block0-v2,0,4096,decode-only,cell-001-b0-c4096/repeat-01-decode-only-v1,False,True,,,22.244878,,502.1781270070942,0.608849,4,6b1acaa3f3cba945a95c778746ef67c0937e6e70dacaba109a6fafe2db6c2464
orin64-build-01,pilot-block0-v2,0,4096,prefill-only,cell-001-b0-c4096/repeat-01-prefill-only-v1,False,True,,130.285427,,,120.15673917184336,0.231518,1,5d6935ef4c12cf766f911cd850ccc508f9f42649592ef4d0cbab516226a83c3e
orin64-build-01,pilot-block0-v2,0,4096,mixed,cell-001-b0-c4096/repeat-01-mixed-v1,False,True,,137.092939,112.9645,112.9645,398.2417688132173,0.723281,5,d9147a22354fae376df0ced59cb6151900e24010b108b3cbfcc6c168f907a975
orin64-build-01,pilot-block0-v2,0,256,mixed,cell-002-b0-c256/warmup-02-mixed-v1,True,False,,306.212017,281.283301,281.283301,360.39307313408824,0.718777,5,d1ae5e9435407f364bdbdf505775972a3704fb730ea7639cb15794b39f23d348
orin64-build-01,pilot-block0-v2,0,256,decode-only,cell-002-b0-c256/warmup-02-decode-only-v1,True,False,,,47.000655,,491.16257839836106,0.604669,4,848d83a8f98d4cacd3a54c88a27f2b88fc979030ebb86ceaf405cde61b2cc0c1
orin64-build-01,pilot-block0-v2,0,256,prefill-only,cell-002-b0-c256/warmup-02-prefill-only-v1,True,False,,294.235108,,,104.33667941390264,0.241101,1,025c9b5f6475c6ac526ff6ca5050fb67f54e4fdcd45d9123c3377c9ea86f7d04
orin64-build-01,pilot-block0-v2,0,256,mixed,cell-002-b0-c256/warmup-01-mixed-v1,True,False,,297.18616,274.234908,274.234908,362.2342667530813,0.725209,5,c79ea65f214145ac2b98580d33aea4efced2cd58b64e03872394dd27b2d085e6
orin64-build-01,pilot-block0-v2,0,256,prefill-only,cell-002-b0-c256/warmup-01-prefill-only-v1,True,False,,285.94594,,,105.00843945854713,0.241388,1,b4ecf4c29faafc73b81cd33d31a842f2de37da834a22ead410d18e1c18ecbc43
orin64-build-01,pilot-block0-v2,0,256,decode-only,cell-002-b0-c256/warmup-01-decode-only-v1,True,False,,,47.048693,,491.0605124000265,0.642914,4,1c718632f8c0991bf6323f1f0dc4a6bb2eca0aeed52b65e910baabccd10a621d
orin64-build-01,pilot-block0-v2,0,256,decode-only,cell-002-b0-c256/repeat-00-decode-only-v1,False,True,,,47.959878,,490.53250140835047,0.645242,4,15a1b56bfee1f28ec1d6382e776097956d86691db863d2bac441096cd8e35fd8
orin64-build-01,pilot-block0-v2,0,256,prefill-only,cell-002-b0-c256/repeat-00-prefill-only-v1,False,True,,288.460875,,,104.79305856085242,0.237496,1,6a635db851ebe72e9adcc14ec4a2eee34319681dcf4750da1e39f540fdd1c909
orin64-build-01,pilot-block0-v2,0,256,mixed,cell-002-b0-c256/repeat-00-mixed-v1,False,True,,296.087094,272.447589,272.447589,362.4346914417946,0.71964,5,d8260000feb9aa749ede060ce51a14448bca82ea69927f72b5fed965f23d0b68
orin64-build-01,pilot-block0-v2,0,256,decode-only,cell-002-b0-c256/repeat-01-decode-only-v1,False,True,,,47.111679,,490.8966810723717,0.599429,4,43b05c94a01e126bae90b5ace190df17d1c4f2b7fc55c162070484c54a1c7d5e
orin64-build-01,pilot-block0-v2,0,256,prefill-only,cell-002-b0-c256/repeat-01-prefill-only-v1,False,True,,289.542648,,,104.7018569226058,0.231975,1,f867e956a6d55aa231a0ee069351c369afefa0fcc096ec48bf0412121e6f2894
orin64-build-01,pilot-block0-v2,0,256,mixed,cell-002-b0-c256/repeat-01-mixed-v1,False,True,,295.518639,272.227195,272.227195,362.54305079768784,0.726408,5,f84c36641d2cac509bcb85823db80d1da39dc6496d13115730599279698757c0
